time;vx;ax;vy;ay;vz;az
0,0;0,0;0,0;0,0;0,0;0,0;0,0
0,0037;0,0;0,0;0,0;0,0;0,0;0,0
0,089;0,0;0,0;0,0;0,0;0,0;0,0
0,189;0,0;0,0;0,0;0,0;0,0;0,0
0,28900000000000003;0,0;0,0;0,0;0,0;0,0;0,0
0,389;0,0;0,0;0,0;0,0;0,0;0,0
0,489;0,0;0,0;0,0;0,0;0,0;0,0
0,589;0,0;0,0;0,0;0,0;0,0;0,0
0,689;0,0;0,0;0,0;0,0;0,0;0,0
0,7889999999999999;0,0;0,0;0,0;0,0;0,0;0,0
0,8889999999999999;0,0;0,0;0,0;0,0;0,0;0,0
0,9889999999999999;0,0;0,0;0,0;0,0;0,0;0,0
1,089;0,0;0,0;0,0;0,0;0,0;0,0
1,189;0,0;0,0;0,0;0,0;0,0;0,0
1,2890000000000001;0,0;0,0;0,0;0,0;0,0;0,0
1,3890000000000002;0,0;0,0;0,0;0,0;0,0;0,0
1,4890000000000003;0,0;0,0;0,0;0,0;0,0;0,0
1,5890000000000004;0,0;0,0;0,0;0,0;0,0;0,0
1,6890000000000005;0,0;0,0;0,0;0,0;0,0;0,0
1,7890000000000006;0,0;0,0;0,0;0,0;0,0;0,0
1,8890000000000007;0,0;0,0;0,0;0,0;0,0;0,0
1,9890000000000008;0,0;0,0;0,0;0,0;0,0;0,0
2,089000000000001;0,0;0,0;0,0;0,0;0,0;0,0
2,189000000000001;0,0;0,0;0,0;0,0;0,0;0,0
2,289000000000001;0,0;0,0;0,0;0,0;0,0;0,0
2,389000000000001;0,0;0,0;0,0;0,0;0,0;0,0
2,489000000000001;0,0;0,0;0,0;0,0;0,0;0,0
2,5890000000000013;0,0;0,0;0,0;0,0;0,0;0,0
2,6890000000000014;0,0;0,0;0,0;0,0;0,0;0,0
2,7890000000000015;0,0;0,0;0,0;0,0;0,0;0,0
2,8890000000000016;0,0;0,0;0,0;0,0;0,0;0,0
2,9890000000000017;0,0;0,0;0,0;0,0;0,0;0,0
3,0890000000000017;0,0;0,0;0,0;0,0;0,0;0,0
3,189000000000002;0,0;0,0;0,0;0,0;0,0;0,0
3,289000000000002;0,0;0,0;0,0;0,0;0,0;0,0
3,389000000000002;0,0;0,0;0,0;0,0;0,0;0,0
3,489000000000002;0,0;0,0;0,0;0,0;0,0;0,0
3,589000000000002;0,0;0,0;0,0;0,0;0,0;0,0
3,6890000000000023;0,0;0,0;0,0;0,0;0,0;0,0
3,7890000000000024;0,0;0,0;0,0;0,0;0,0;0,0
3,8890000000000025;0,0;0,0;0,0;0,0;0,0;0,0
3,9890000000000025;0,0;0,0;0,0;0,0;0,0;0,0
4,089000000000002;0,0;0,0;0,0;0,0;0,0;0,0
4,189000000000002;0,0;0,0;0,0;0,0;0,0;0,0
4,2890000000000015;0,0;0,0;0,0;0,0;0,0;0,0
4,389000000000001;0,0;0,0;0,0;0,0;0,0;0,0
4,489000000000001;0,0;0,0;0,0;0,0;0,0;0,0
4,589;0,0;0,0;0,0;0,0;0,0;0,0
4,689;0,0;0,0;0,0;0,0;0,0;0,0
4,789;0,0;0,0;0,0;0,0;0,0;0,0
4,888999999999999;0,0;0,0;0,0;0,0;0,0;0,0
4,988999999999999;0,0;0,0;0,0;0,0;0,0;0,0
5,088999999999999;0,0;0,0;0,0;0,0;0,0;0,0
5,188999999999998;0,0;0,0;0,0;0,0;0,0;0,0
5,288999999999998;0,0;0,0;0,0;0,0;0,0;0,0
5,388999999999998;0,0;0,0;0,0;0,0;0,0;0,0
5,488999999999997;0,0;0,0;0,0;0,0;0,0;0,0
5,588999999999997;0,0;0,0;0,0;0,0;0,0;0,0
5,6889999999999965;0,0;0,0;0,0;0,0;0,0;0,0
5,788999999999996;0,0;0,0;0,0;0,0;0,0;0,0
5,888999999999996;0,0;0,0;0,0;0,0;0,0;0,0
5,988999999999995;0,0;0,0;0,0;0,0;0,0;0,0
6,088999999999995;0,0;0,0;0,0;0,0;0,0;0,0
6,188999999999995;0,0;0,0;0,0;0,0;0,0;0,0
6,288999999999994;0,0;0,0;0,0;0,0;0,0;0,0
6,388999999999994;0,0;0,0;0,0;0,0;0,0;0,0
6,488999999999994;0,0;0,0;0,0;0,0;0,0;0,0
6,588999999999993;0,0;0,0;0,0;0,0;0,0;0,0
6,688999999999993;0,0;0,0;0,0;0,0;0,0;0,0
6,788999999999993;0,0;0,0;0,0;0,0;0,0;0,0
6,888999999999992;0,0;0,0;0,0;0,0;0,0;0,0
6,988999999999992;0,0;0,0;0,0;0,0;0,0;0,0
7,0889999999999915;0,0;0,0;0,0;0,0;0,0;0,0
7,188999999999991;0,0;0,0;0,0;0,0;0,0;0,0
7,288999999999991;0,0;0,0;0,0;0,0;0,0;0,0
7,3889999999999905;0,0;0,0;0,0;0,0;0,0;0,0
7,48899999999999;0,0;0,0;0,0;0,0;0,0;0,0
7,58899999999999;0,0;0,0;0,0;0,0;0,0;0,0
7,688999999999989;0,0;0,0;0,0;0,0;0,0;0,0
7,788999999999989;0,0;0,0;0,0;0,0;0,0;0,0
7,888999999999989;0,0;0,0;0,0;0,0;0,0;0,0
7,988999999999988;0,0;0,0;0,0;0,0;0,0;0,0
8,088999999999988;0,0;0,0;0,0;0,0;0,0;0,0
8,188999999999988;0,0;0,0;0,0;0,0;0,0;0,0
8,288999999999987;0,0;0,0;0,0;0,0;0,0;0,0
8,388999999999987;0,0;0,0;0,0;0,0;0,0;0,0
8,488999999999987;0,0;0,0;0,0;0,0;0,0;0,0
8,588999999999986;0,0;0,0;0,0;0,0;0,0;0,0
8,688999999999986;0,0;0,0;0,0;0,0;0,0;0,0
8,788999999999985;0,0;0,0;0,0;0,0;0,0;0,0
8,888999999999985;0,0;0,0;0,0;0,0;0,0;0,0
8,988999999999985;0,0;0,0;0,0;0,0;0,0;0,0
9,088999999999984;0,0;0,0;0,0;0,0;0,0;0,0
9,188999999999984;0,0;0,0;0,0;0,0;0,0;0,0
9,288999999999984;0,0;0,0;0,0;0,0;0,0;0,0
9,388999999999983;0,0;0,0;0,0;0,0;0,0;0,0
9,488999999999983;-0,0;-12,77;0,1;22,74;0,1;17,1
9,588999999999983;-0,1;-28,11;0,0;-12,02;0,2;32,64
9,688999999999982;-0,1;-27,27;-0,0;-11,71;0,1;-19,68
9,788999999999982;-0,2;-21,21;-0,1;-21,68;0,1;12,54
9,888999999999982;-0,2;-27,05;-0,1;-27,43;0,1;-13,07
9,988999999999981;-0,3;-28,63;-0,2;-21,25;0,1;16,37
10,08899999999998;-0,3;-0,66;-0,3;-63,29;0,1;3,02
10,18899999999998;-0,3;-1,01;-0,4;-51,64;0,1;-8,9
10,28899999999998;-0,3;7,23;-0,5;-29,18;0,1;-4,47
10,38899999999998;-0,2;13,0;-0,5;-2,76;0,1;8,96
10,48899999999998;-0,2;-0,96;-0,5;9,46;0,1;-3,93
10,588999999999979;-0,2;1,1;-0,5;-1,94;0,1;-0,59
10,688999999999979;-0,1;34,07;-0,6;-43,97;0,2;18,94
10,788999999999978;-0,1;24,78;-0,6;-8,65;0,2;3,38
10,888999999999978;-0,0;37,33;-0,5;15,89;0,2;19,47
10,988999999999978;0,0;12,17;-0,4;37,35;0,2;-3,73
11,088999999999977;0,1;50,14;-0,5;-28,04;0,2;4,74
11,188999999999977;0,2;26,79;-0,4;12,27;0,2;7,51
11,288999999999977;0,2;31,19;-0,3;51,22;0,2;-9,9
11,388999999999976;0,3;27,94;-0,1;65,76;0,1;-30,32
11,488999999999976;0,3;22,52;0,1;97,61;-0,0;-28,59
11,588999999999976;0,4;24,98;0,2;36,08;-0,0;6,17
11,688999999999975;0,4;20,91;0,3;43,83;-0,0;-7,79
11,788999999999975;0,4;-4,33;0,4;40,43;0,0;14,34
11,888999999999974;0,4;-1,85;0,4;23,25;0,1;14,61
11,988999999999974;0,3;-27,4;0,5;40,56;-0,1;-41,79
12,088999999999974;0,3;-5,14;0,5;-0,89;-0,1;-14,35
12,188999999999973;0,3;2,4;0,5;-2,38;-0,2;-10,08
12,288999999999973;0,2;-28,09;0,5;25,14;-0,0;28,72
12,388999999999973;0,2;-31,96;0,5;1,54;-0,0;6,97
12,488999999999972;0,1;-39,79;0,6;20,26;0,0;7,3
12,588999999999972;-0,0;-39,07;0,6;4,57;0,0;6,82
12,688999999999972;-0,1;-30,48;0,4;-47,83;-0,0;-15,29
12,788999999999971;-0,1;-18,95;0,3;-55,42;-0,0;0,62
12,888999999999971;-0,2;-25,71;0,2;-50,3;0,0;18,04
12,98899999999997;-0,2;-3,81;0,1;-32,22;-0,0;-13,85
13,08899999999997;-0,2;-1,94;-0,1;-60,36;0,0;4,6
13,18899999999997;-0,1;9,95;-0,2;-57,2;0,0;8,41
13,28899999999997;-0,1;15,79;-0,4;-71,51;-0,1;-27,54
13,38899999999997;-0,1;-5,74;-0,3;38,07;-0,2;-32,31
13,488999999999969;-0,1;10,99;-0,2;15,95;-0,1;12,09
13,588999999999968;-0,0;19,08;-0,3;-20,33;-0,1;-0,0
13,688999999999968;0,0;44,67;-0,4;-56,01;-0,1;-0,67
13,788999999999968;0,1;19,77;-0,5;-51,88;-0,1;16,63
13,888999999999967;0,1;26,98;-0,6;-25,92;-0,0;6,0
13,988999999999967;0,2;21,11;-0,5;21,7;-0,0;3,01
14,088999999999967;0,2;29,66;-0,4;37,89;-0,0;-2,72
14,188999999999966;0,3;24,9;-0,2;61,12;-0,1;-28,05
14,288999999999966;0,3;25,04;-0,2;21,42;-0,1;15,24
14,388999999999966;0,4;14,97;-0,1;27,96;-0,0;12,59
14,488999999999965;0,4;5,87;-0,0;40,93;0,0;12,84
14,588999999999965;0,3;-13,1;0,1;22,69;-0,1;-31,12
14,688999999999965;0,3;-1,96;0,1;18,63;-0,2;-19,73
14,788999999999964;0,3;-5,58;0,1;20,3;-0,2;-5,92
14,888999999999964;0,2;-31,95;0,2;27,66;-0,2;-10,01
14,988999999999963;0,1;-51,47;0,3;54,84;-0,4;-53,42
15,088999999999963;0,0;-31,42;0,3;-14,31;-0,3;12,58
15,188999999999963;-0,0;-32,7;0,3;5,53;-0,2;34,51
15,288999999999962;-0,1;-42,62;0,4;26,38;-0,1;30,79
15,388999999999962;-0,2;-41,06;0,3;-1,48;-0,2;-28,58
15,488999999999962;-0,2;4,26;-0,1;-166,05;-0,2;3,19
15,588999999999961;-0,2;-14,31;-0,5;-164,93;-0,0;30,38
15,688999999999961;-0,2;6,06;-0,8;-125,28;0,1;41,76
15,78899999999996;-0,1;37,1;-0,5;88,65;0,0;-23,34
15,88899999999996;-0,2;-33,28;-0,8;-104,21;-0,0;-12,42
15,98899999999996;-0,3;-60,26;-0,9;-52,61;-0,4;-100,94
16,08899999999996;-0,4;-64,8;-1,1;-83,78;-0,6;-58,58
16,18899999999996;-0,5;-30,22;-1,0;26,95;-0,1;132,43
16,288999999999962;-0,6;-43,83;-1,0;-16,67;-0,1;-7,58
16,388999999999964;-0,6;-36,42;-1,0;-6,93;-0,4;-85,01
16,488999999999965;-0,7;-24,09;-0,9;38,03;-0,6;-69,13
16,588999999999967;-0,7;2,6;-0,8;21,99;-0,7;-19,08
16,688999999999968;-0,8;-54,44;-0,7;24,79;-1,1;-113,03
16,78899999999997;-0,7;6,52;-0,8;-37,04;-0,7;93,73
16,88899999999997;-0,7;6,7;-0,8;-10,75;-0,6;6,84
16,988999999999972;-0,7;8,22;-0,8;-8,78;-0,6;5,54
17,088999999999974;-0,6;10,88;-1,0;-86,3;-0,5;10,02
17,188999999999975;-0,6;-10,55;-0,9;5,21;-0,5;4,54
17,288999999999977;-0,6;-6,54;-0,9;4,01;-0,5;1,7
17,388999999999978;-0,6;-2,77;-0,9;8,65;-0,5;0,77
17,48899999999998;-0,6;-3,69;-0,8;5,16;-0,4;2,46
17,58899999999998;-0,6;-3,36;-0,8;7,92;-0,4;4,23
17,688999999999982;-0,6;-1,89;-0,8;-0,83;-0,4;5,33
17,788999999999984;-0,6;-0,98;-0,8;1,03;-0,3;10,03
17,888999999999985;-0,6;1,64;-0,7;1,81;-0,3;7,11
17,988999999999987;-0,6;-1,53;-0,7;6,89;-0,3;7,75
18,088999999999988;-0,6;-1,22;-0,7;1,35;-0,2;11,56
18,18899999999999;-0,6;-1,49;-0,7;3,02;-0,2;3,52
18,28899999999999;-0,5;1,07;-0,6;4,77;-0,1;7,74
18,388999999999992;-0,5;-1,28;-0,6;0,73;-0,1;4,42
18,488999999999994;-0,5;-2,58;-0,6;0,94;-0,1;4,88
18,588999999999995;-0,5;-0,2;-0,6;4,22;-0,1;0,14
18,688999999999997;-0,5;0,0;-0,6;0,75;-0,1;6,87
18,788999999999998;-0,5;-5,08;-0,5;5,82;-0,0;6,21
18,889;-0,5;-2,03;-0,5;1,1;-0,0;0,42
18,989;-0,5;-3,31;-0,5;-0,24;-0,0;2,91
19,089000000000002;-0,5;-4,77;-0,5;0,53;-0,0;4,45
19,189000000000004;-0,5;-3,93;-0,5;2,9;0,0;9,12
19,289000000000005;-0,5;-1,55;-0,4;6,0;0,0;4,63
19,389000000000006;-0,5;1,0;-0,4;3,13;0,0;3,76
19,489000000000008;-0,5;-3,13;-0,4;1,77;0,1;7,76
19,58900000000001;-0,5;-3,34;-0,4;0,94;0,1;13,57
19,68900000000001;-0,5;-0,08;-0,4;3,05;0,1;-2,52
19,789000000000012;-0,5;-1,85;-0,4;1,05;0,1;7,32
19,889000000000014;-0,4;-2,04;-0,3;4,04;0,1;7,11
19,989000000000015;-0,4;-2,28;-0,3;3,31;0,1;-1,18
20,089000000000016;-0,4;3,55;-0,3;1,18;0,1;3,29
20,189000000000018;-0,4;-2,79;-0,3;-1,66;0,2;6,0
20,28900000000002;-0,4;-1,06;-0,3;2,08;0,2;2,43
20,38900000000002;-0,4;-3,96;-0,3;0,49;0,2;15,61
20,489000000000022;-0,4;-2,17;-0,3;-1,13;0,2;2,69
20,589000000000024;-0,4;-5,47;-0,3;0,69;0,2;4,0
20,689000000000025;-0,4;-0,66;-0,3;-0,72;0,2;2,23
20,789000000000026;-0,4;-0,45;-0,3;0,83;0,2;4,67
20,889000000000028;-0,4;-6,55;-0,3;-1,62;0,2;4,01
20,98900000000003;-0,4;-1,67;-0,3;-2,18;0,3;9,6
21,08900000000003;-0,4;-5,62;-0,3;1,69;0,3;6,47
21,189000000000032;-0,4;-0,69;-0,2;3,24;0,3;6,64
21,289000000000033;-0,4;1,3;-0,2;1,53;0,3;3,76
21,389000000000035;-0,4;-1,33;-0,2;-1,85;0,3;5,56
21,489000000000036;-0,4;-5,81;-0,2;-1,25;0,3;5,78
21,589000000000038;-0,4;-4,21;-0,2;-0,54;0,3;1,57
21,68900000000004;-0,4;-12,58;-0,2;15,2;0,3;3,73
21,78900000000004;-0,4;-0,29;-0,2;0,37;0,3;3,6
21,889000000000042;-0,4;-7,97;-0,2;-1,99;0,3;9,38
21,989000000000043;-0,4;-1,79;-0,2;0,21;0,3;0,68
22,089000000000045;-0,4;-0,8;-0,2;2,08;0,3;9,79
22,189000000000046;-0,4;-0,82;-0,2;1,2;0,4;8,42
22,289000000000048;-0,4;-2,58;-0,2;-0,15;0,4;4,67
22,38900000000005;-0,4;-6,22;-0,1;3,04;0,4;5,33
22,48900000000005;-0,4;-2,56;-0,1;-0,64;0,4;6,69
22,589000000000052;-0,4;1,26;-0,1;-2,33;0,4;3,56
22,689000000000053;-0,4;-2,33;-0,1;3,89;0,4;-2,23
22,789000000000055;-0,4;-1,3;-0,1;-2,26;0,4;1,8
22,889000000000056;-0,4;-4,28;-0,1;0,8;0,4;2,66
22,989000000000058;-0,4;-2,47;-0,1;-2,31;0,4;4,26
23,08900000000006;-0,4;-2,75;-0,1;-4,71;0,4;11,4
23,18900000000006;-0,4;-2,43;-0,1;1,5;0,4;-0,24
23,289000000000062;-0,4;-3,05;-0,1;-0,43;0,4;10,91
23,389000000000063;-0,4;-2,46;-0,1;-0,53;0,4;3,57
23,489000000000065;-0,4;-2,21;-0,1;-2,02;0,4;7,13
23,589000000000066;-0,4;-6,14;-0,1;2,62;0,4;2,43
23,689000000000068;-0,4;-6,26;-0,1;0,22;0,4;7,33
23,78900000000007;-0,4;-6,14;-0,1;-1,41;0,4;1,57
23,88900000000007;-0,4;-4,46;-0,1;3,26;0,4;2,87
23,989000000000072;-0,4;-2,14;-0,1;2,69;0,4;7,34
24,089000000000073;-0,3;7,63;-0,1;-22,8;0,4;-5,77
24,189000000000075;-0,3;6,54;-0,1;28,51;0,4;11,94
24,289000000000076;-0,3;0,68;0,0;31,39;0,4;-10,53
24,389000000000078;-0,3;17,64;-0,1;-24,97;0,1;-76,55
24,48900000000008;-0,3;2,96;-0,2;-52,12;0,2;44,42
24,58900000000008;-0,2;27,74;-0,2;-6,93;0,6;102,95
24,68900000000008;-0,1;63,95;-0,2;-24,3;0,7;39,43
24,789000000000083;-0,0;21,0;-0,1;55,37;0,9;65,84
24,889000000000085;-0,0;-8,86;-0,0;28,6;0,9;11,88
24,989000000000086;-0,0;-0,82;0,1;62,79;0,7;-47,38
25,089000000000087;-0,1;-14,47;0,0;-29,77;0,5;-60,04
25,18900000000009;-0,1;-21,1;0,0;-1,21;0,3;-39,6
25,28900000000009;-0,1;-20,2;0,1;36,93;0,2;-33,98
25,38900000000009;-0,2;-39,1;0,1;-9,34;-0,4;-173,52
25,489000000000093;-0,3;-26,91;0,2;53,44;-0,7;-94,17
25,589000000000095;-0,3;-15,74;0,1;-59,65;-1,0;-86,07
25,689000000000096;-0,3;-15,17;0,2;58,04;-1,3;-78,47
25,789000000000097;-0,4;-48,37;0,3;31,34;-1,5;-90,3
25,8890000000001;-0,5;-19,53;0,3;26,03;-1,9;-105,87
25,9890000000001;-0,5;-28,24;0,2;-40,56;-1,8;-12,46
26,0890000000001;-0,5;-6,75;0,1;-51,27;-1,8;-10,47
26,189000000000103;-0,6;-37,99;-0,1;-78,12;-1,8;-28,51
26,289000000000105;-0,6;-6,5;-0,2;-65,32;-1,9;-41,15
26,389000000000106;-0,6;-7,24;-0,4;-47,33;-1,9;0,92
26,489000000000107;-0,6;-14,98;-0,3;16,08;-1,6;66,29
26,58900000000011;-0,6;-0,86;-0,3;-3,77;-0,9;161,66
26,68900000000011;-0,6;-0,7;-0,4;-38,76;-0,7;53,46
26,78900000000011;-0,6;-18,72;-0,4;-10,73;-0,6;17,04
26,889000000000113;-0,6;-15,01;-0,4;-15,78;-0,3;73,78
26,989000000000114;-0,6;-14,35;-0,6;-52,62;-0,3;20,91
27,089000000000116;-0,6;19,45;-0,5;1,57;0,1;85,36
27,189000000000117;-0,5;25,69;-0,6;-11,38;0,6;158,29
27,28900000000012;-0,5;7,34;-0,5;-3,34;1,0;123,6
27,38900000000012;-0,5;-4,64;-0,4;36,67;1,2;72,25
27,48900000000012;-0,5;12,33;-0,5;-39,35;1,3;34,63
27,589000000000123;-0,5;-17,19;-0,6;-18,12;1,4;20,74
27,689000000000124;-0,5;-12,26;-0,6;-19,81;1,4;38,93
27,789000000000126;-0,5;-7,01;-0,6;-28,64;1,5;31,14
27,889000000000127;-0,5;0,34;-0,7;-10,86;1,7;74,36
27,98900000000013;-0,5;-23,97;-0,6;16,16;1,7;17,91
28,08900000000013;-0,6;-18,02;-0,6;-20,34;1,6;-22,41
28,18900000000013;-0,5;11,27;-0,8;-66,58;1,4;-21,13
28,289000000000133;-0,5;-2,0;-0,9;-74,12;1,4;0,47
28,389000000000134;-0,6;-36,43;-0,9;2,0;1,0;-88,21
28,489000000000136;-0,6;-32,43;-0,9;-4,55;0,8;-49,42
28,589000000000137;-0,6;-8,0;-1,0;-45,32;0,6;-40,68
28,68900000000014;-0,6;-1,17;-1,1;-64,15;0,7;15,08
28,78900000000014;-0,6;-7,37;-1,2;-25,68;0,6;-22,7
28,88900000000014;-0,6;1,85;-1,2;-16,16;0,4;-42,21
28,989000000000143;-0,6;3,68;-1,2;-36,27;0,4;0,03
29,089000000000144;-0,6;13,6;-1,3;-41,17;0,4;16,14
29,189000000000146;-0,5;11,81;-1,3;-21,03;0,4;-11,79
29,289000000000147;-0,5;-6,32;-1,3;-12,17;0,3;-11,04
29,38900000000015;-0,5;-5,59;-1,2;23,06;0,3;-4,59
29,48900000000015;-0,5;-2,44;-1,2;-7,99;0,2;-34,11
29,58900000000015;-0,5;1,43;-1,2;-0,41;0,1;-16,33
29,689000000000153;-0,5;-4,58;-1,1;14,89;0,0;-27,06
29,789000000000154;-0,5;-5,77;-1,1;4,28;-0,2;-49,56
29,889000000000156;-0,5;8,87;-1,1;-20,32;-0,1;24,52
29,989000000000157;-0,4;22,79;-1,0;16,07;0,2;77,26
30,08900000000016;-0,4;-1,42;-1,0;10,76;0,1;-16,24
30,18900000000016;-0,4;11,92;-1,0;-14,84;-0,0;-49,83
30,28900000000016;-0,4;-15,42;-0,9;38,51;-0,2;-50,63
30,389000000000163;-0,4;-12,07;-0,8;13,22;-0,3;-10,07
30,489000000000164;-0,4;-2,39;-0,9;-24,48;-0,2;21,09
30,589000000000166;-0,4;14,51;-1,0;-80,38;-0,2;-18,11
30,689000000000167;-0,4;-35,5;-0,9;41,46;-0,3;-23,69
30,78900000000017;-0,4;-7,57;-0,9;-4,78;-0,3;-10,6
30,88900000000017;-0,5;-11,95;-0,9;2,43;-0,1;69,49
30,98900000000017;-0,5;-3,51;-1,0;-38,4;0,2;62,83
31,089000000000173;-0,5;-20,53;-0,9;7,31;0,4;78,63
31,189000000000174;-0,5;6,34;-0,9;2,29;0,6;59,63
31,289000000000176;-0,4;6,75;-1,0;-61,5;0,8;62,66
31,389000000000177;-0,4;-4,48;-1,0;8,91;0,9;38,89
31,48900000000018;-0,5;-22,9;-0,8;44,48;1,1;48,71
31,58900000000018;-0,5;3,28;-0,9;-31,12;1,0;4,93
31,68900000000018;-0,5;1,13;-0,9;-9,72;1,2;64,98
31,789000000000183;-0,4;0,48;-0,9;-23,6;1,6;101,15
31,889000000000184;-0,4;11,41;-0,9;-16,68;1,8;84,93
31,989000000000186;-0,4;8,79;-0,9;0,34;2,0;63,48
32,08900000000018;-0,4;-4,66;-1,0;-34,85;2,0;39,46
32,189000000000185;-0,4;12,39;-1,4;-174,64;2,3;83,33
32,289000000000186;-0,4;-49,24;-1,2;53,41;1,9;-73,86
32,38900000000019;-0,4;12,2;-1,3;-40,64;1,9;4,2
32,48900000000019;-0,4;-9,08;-1,4;-46,26;1,9;39,76
32,58900000000019;-0,4;-5,59;-1,4;-12,48;1,8;-17,21
32,68900000000019;-0,4;8,73;-1,3;11,27;1,7;2,62
32,78900000000019;-0,4;-8,48;-1,2;26,35;1,5;-45,65
32,889000000000195;-0,4;12,82;-1,2;-19,38;1,5;1,47
32,989000000000196;-0,4;-2,92;-1,2;15,43;1,5;17,25
33,0890000000002;-0,4;-6,47;-1,1;32,7;1,2;-52,26
33,1890000000002;-0,4;2,19;-1,0;-7,19;1,2;-10,19
33,2890000000002;-0,4;-5,18;-1,0;14,74;1,1;-18,56
33,3890000000002;-0,4;-3,27;-0,9;12,02;0,9;-44,21
33,4890000000002;-0,4;-4,62;-1,0;-20,6;0,5;-91,15
33,589000000000205;-0,3;9,34;-0,9;13,16;0,4;-34,45
33,689000000000206;-0,3;8,9;-0,9;10,79;0,1;-81,41
33,78900000000021;-0,3;-0,85;-0,9;-17,11;-0,3;-109,22
33,88900000000021;-0,3;1,7;-0,8;13,36;-0,4;-42,0
33,98900000000021;-0,3;-7,73;-0,8;-12,87;-0,6;-53,01
34,08900000000021;-0,3;-13,43;-0,9;-33,72;-1,0;-101,7
34,18900000000021;-0,4;-23,7;-0,9;3,24;-1,0;-10,84
34,289000000000215;-0,4;7,96;-1,0;-57,47;-0,9;12,92
34,389000000000216;-0,4;-9,13;-1,0;1,31;-1,0;-32,95
34,48900000000022;-0,4;-1,91;-0,9;-6,07;-0,8;38,68
34,58900000000022;-0,4;-12,47;-0,8;35,16;-0,7;27,53
34,68900000000022;-0,4;2,25;-0,9;-18,97;-0,5;50,24
34,78900000000022;-0,4;-4,7;-0,9;-11,55;-0,3;36,63
34,88900000000022;-0,3;13,31;-0,8;17,37;-0,1;51,15
34,989000000000225;-0,4;-25,72;-0,6;81,83;-0,0;33,2
35,089000000000226;-0,4;-29,42;-0,6;1,31;0,1;27,31
35,18900000000023;-0,4;0,39;-0,5;17,94;0,1;10,35
35,28900000000023;-0,5;-17,28;-0,5;11,44;0,3;66,35
35,38900000000023;-0,5;-17,13;-0,4;12,71;0,9;164,58
35,48900000000023;-0,5;-6,06;-0,4;1,79;1,0;29,57
35,58900000000023;-0,5;0,11;-0,5;-19,48;1,2;61,97
35,689000000000235;-0,4;20,63;-0,5;-36,35;1,1;-2,71
35,789000000000236;-0,4;-6,96;-0,5;26,47;1,0;-14,51
35,88900000000024;-0,4;-2,08;-0,3;45,8;1,0;-0,08
35,98900000000024;-0,4;20,85;-0,6;-120,27;1,4;112,33
36,08900000000024;-0,3;13,72;-0,7;-40,61;1,3;4,1
36,18900000000024;-0,4;-36,18;-0,6;44,81;0,9;-102,02
36,28900000000024;-0,4;-14,11;-0,7;-39,06;0,7;-52,82
36,389000000000244;-0,4;12,88;-0,7;-21,71;0,8;27,0
36,489000000000246;-0,4;-27,62;-0,5;59,64;0,4;-101,91
36,58900000000025;-0,4;-1,06;-0,5;24,37;0,4;19,04
36,68900000000025;-0,4;-2,22;-0,5;-7,99;0,3;-29,08
36,78900000000025;-0,5;-20,55;-0,5;-14,36;-0,1;-120,41
36,88900000000025;-0,5;-15,41;-0,5;-26,14;-0,5;-118,89
36,98900000000025;-0,5;-8,6;-0,5;10,79;-0,8;-75,03
37,089000000000254;-0,5;6,11;-0,5;1,48;-1,0;-68,24
37,189000000000256;-0,4;5,8;-0,4;38,96;-1,2;-81,74
37,28900000000026;-0,4;4,66;-0,3;25,2;-1,6;-114,84
37,38900000000026;-0,3;30,03;-0,3;12,37;-1,4;36,24
37,48900000000026;-0,3;27,23;-0,2;27,16;-1,2;37,63
37,58900000000026;-0,3;13,14;-0,2;1,34;-1,2;-3,1
37,68900000000026;-0,3;-4,32;-0,2;-1,53;-1,3;-40,78
37,789000000000264;-0,3;-22,28;0,1;101,39;-1,3;-8,43
37,889000000000266;-0,3;-15,27;0,2;76,12;-1,2;21,43
37,98900000000027;-0,2;31,45;0,2;5,28;-0,8;83,6
38,08900000000027;-0,2;10,82;0,2;-7,54;-0,6;63,27
38,18900000000027;-0,2;-13,03;0,3;54,5;-0,5;19,89
38,28900000000027;-0,2;6,94;0,4;8,07;-0,2;81,72
38,38900000000027;-0,2;16,05;0,1;-85,72;0,1;87,22
38,489000000000274;-0,2;-12,68;0,2;33,89;0,7;159,41
38,589000000000276;-0,3;-31,34;0,3;34,47;1,0;99,57
38,68900000000028;-0,2;26,9;0,3;-2,95;1,2;51,12
38,78900000000028;-0,3;-30,53;0,2;-46,74;1,2;23,41
38,88900000000028;-0,2;14,78;0,1;-28,14;1,0;-39,17
38,98900000000028;-0,3;-16,73;0,2;59,48;0,6;-95,21
39,08900000000028;-0,2;6,8;0,2;-2,69;0,9;65,78
39,189000000000284;-0,3;-15,95;0,2;-7,38;1,0;53,81
39,289000000000286;-0,2;12,82;0,2;10,62;1,0;2,07
39,38900000000029;-0,2;6,98;0,3;15,28;1,1;50,26
39,48900000000029;-0,2;24,94;0,3;20,6;1,1;-2,07
39,58900000000029;-0,1;7,07;0,4;29,57;1,1;16,1
39,68900000000029;-0,1;8,15;0,4;35,67;0,8;-81,06
39,78900000000029;-0,1;1,67;0,5;14,28;0,5;-62,08
39,889000000000294;-0,1;22,58;0,4;-31,19;0,6;34,81
39,989000000000296;-0,0;8,39;0,4;12,44;0,5;-18,23
40,0890000000003;0,0;23,56;0,4;15,42;0,2;-86,79
40,1890000000003;0,1;23,89;0,4;-9,77;-0,2;-128,26
40,2890000000003;0,1;-2,68;0,3;-44,39;-0,5;-75,33
40,3890000000003;0,1;21,82;0,2;-43,56;-0,7;-70,26
40,4890000000003;0,1;24,94;0,1;-27,53;-0,7;6,7
40,589000000000304;0,1;-3,36;0,1;23,01;-0,4;85,73
40,689000000000306;0,1;-5,17;0,1;-1,39;-0,4;-13,09
40,78900000000031;0,1;-30,52;0,1;-8,17;-0,4;-2,28
40,88900000000031;0,0;-24,13;0,1;5,46;-0,5;-37,81
40,98900000000031;-0,0;-4,56;0,1;2,77;-0,2;89,67
41,08900000000031;0,0;5,99;-0,0;-54,46;0,2;109,63
41,18900000000031;-0,0;-4,31;-0,1;-37,09;0,8;171,65
41,289000000000314;-0,0;-11,88;-0,1;-14,5;1,5;197,62
41,389000000000316;-0,0;12,2;-0,2;-41,82;1,7;80,43
41,48900000000032;0,0;11,73;-0,2;-9,7;1,9;56,62
41,58900000000032;-0,0;-25,48;-0,1;76,42;1,4;-113,43
41,68900000000032;0,0;19,79;-0,2;-76,54;1,8;114,28
41,78900000000032;0,0;-1,3;-0,3;-11,29;1,8;23,98
41,88900000000032;-0,0;-16,14;-0,2;32,27;2,0;67,64
41,989000000000324;-0,0;11,15;-0,2;-19,65;1,8;-29,11
42,089000000000325;-0,0;-8,29;-0,3;-24,44;1,4;-76,79
42,18900000000033;-0,1;-24,77;-0,2;27,61;1,3;-17,76
42,28900000000033;-0,1;-8,61;-0,2;-3,81;1,3;2,36
42,38900000000033;-0,1;-28,54;-0,3;-38,5;1,2;-21,82
42,48900000000033;-0,2;-15,82;-0,3;9,98;0,7;-113,08
42,58900000000033;-0,2;-5,91;-0,3;-11,83;0,4;-84,05
42,689000000000334;-0,2;-10,38;-0,3;-8,29;0,1;-69,17
42,789000000000335;-0,2;-9,15;-0,4;-26,52;-0,3;-132,74
42,88900000000034;-0,2;-0,92;-0,3;19,97;-0,4;-36,29
42,98900000000034;-0,2;14,57;-0,2;16,49;-0,5;-31,9
43,08900000000034;-0,2;0,33;-0,3;-28,85;-0,5;-4,62
43,18900000000034;-0,1;12,57;-0,2;23,59;-0,7;-50,28
43,28900000000034;-0,1;-2,59;-0,2;2,86;-0,9;-67,86
43,389000000000344;-0,2;-14,66;-0,3;-24,11;-0,9;-12,25
43,489000000000345;-0,2;-27,06;-0,3;-3,97;-0,7;41,05
43,58900000000035;-0,2;-4,05;-0,3;-5,09;-0,4;76,56
43,68900000000035;-0,2;8,93;-0,3;-7,58;-0,1;96,87
43,78900000000035;-0,2;22,13;-0,3;-9,57;0,4;143,8
43,88900000000035;-0,1;18,99;-0,3;-0,43;1,2;218,71
43,98900000000035;-0,1;-4,38;-0,3;-0,22;1,5;108,01
44,089000000000354;-0,1;8,79;-0,3;-10,17;1,7;60,51
44,189000000000355;-0,1;4,1;-0,4;-16,48;1,7;32,48
44,28900000000036;-0,1;-7,81;-0,3;17,04;1,8;41,32
44,38900000000036;-0,1;-12,92;-0,2;22,79;1,8;2,92
44,48900000000036;-0,1;-0,97;-0,3;-30,44;1,8;39,3
44,58900000000036;-0,1;-2,6;-0,4;-56,2;2,0;56,56
44,68900000000036;-0,2;-15,67;-0,4;12,59;1,7;-59,22
44,789000000000364;-0,2;-5,44;-0,4;-14,2;1,5;-42,72
44,889000000000365;-0,2;6,77;-0,5;-15,18;1,3;-44,43
44,98900000000037;-0,2;-10,09;-0,4;24,81;1,1;-47,3
45,08900000000037;-0,2;-9,12;-0,3;41,4;1,0;4,98
45,18900000000037;-0,2;-24,34;-0,3;3,6;1,0;-14,1
45,28900000000037;-0,2;-0,32;-0,2;8,1;0,7;-49,84
45,38900000000037;-0,3;-13,74;-0,2;-0,43;0,3;-107,68
45,489000000000374;-0,2;5,58;-0,3;-27,5;-0,2;-144,23
45,589000000000375;-0,2;26,05;-0,3;9,67;-0,4;-55,13
45,68900000000038;-0,1;24,98;-0,2;4,7;-0,5;-35,18
45,78900000000038;-0,1;10,6;-0,1;46,06;-0,6;-40,67
45,88900000000038;-0,0;29,62;-0,3;-62,28;-0,8;-50,11
45,98900000000038;-0,0;5,87;-0,2;5,37;-0,8;-25,73
46,08900000000038;-0,0;7,15;-0,3;-31,11;-0,9;-19,46
46,189000000000384;-0,0;-4,67;-0,3;-2,45;-0,7;24,28
46,289000000000385;-0,0;-3,86;-0,3;1,7;-0,5;67,38
46,38900000000039;-0,1;-18,94;-0,3;7,33;-0,2;69,66
46,48900000000039;-0,1;-18,1;-0,3;-8,68;-0,1;42,76
46,58900000000039;-0,1;-24,66;-0,3;2,32;0,6;174,16
46,68900000000039;-0,1;20,46;-0,3;-19,12;1,3;209,72
46,78900000000039;-0,1;3,18;-0,3;-0,61;1,6;95,03
46,889000000000394;-0,1;17,25;-0,4;-47,41;1,8;85,46
46,989000000000395;-0,1;-3,43;-0,3;26,62;1,8;10,5
47,0890000000004;-0,0;8,74;-0,3;-2,23;1,7;-19,37
47,1890000000004;-0,1;-21,09;-0,3;2,47;1,5;-35,75
47,2890000000004;-0,1;4,87;-0,5;-54,51;1,4;-11,24
47,3890000000004;-0,1;-4,62;-0,4;-0,23;1,3;-6,03
47,4890000000004;-0,0;16,21;-0,3;54,54;1,2;-11,33
47,589000000000404;-0,0;16,82;-0,3;15,64;1,3;23,1
47,689000000000405;-0,0;-8,15;-0,3;-1,2;1,2;8,89
47,78900000000041;-0,1;-15,25;-0,3;-16,94;0,8;-105,38
47,88900000000041;-0,1;-12,31;-0,6;-112,27;0,5;-72,35
47,98900000000041;-0,1;-4,83;-0,6;-19,07;0,4;-39,19
48,08900000000041;-0,2;-30,32;-0,5;31,02;0,3;-13,35
48,18900000000041;-0,2;-23,11;-0,3;80,48;0,1;-54,88
48,289000000000414;-0,2;-15,55;-0,3;9,96;0,1;1,54
48,389000000000415;-0,3;-25,42;-0,3;-14,4;0,1;-9,0
48,489000000000416;-0,3;-19,06;-0,4;-50,7;0,1;-7,35
48,58900000000042;-0,4;-39,56;-0,5;-40,48;0,0;-2,7
48,68900000000042;-0,5;-38,7;-0,5;-25,35;0,1;18,39
48,78900000000042;-0,5;-42,38;-0,7;-62,42;0,3;52,31
48,88900000000042;-0,6;-37,61;-0,9;-100,06;0,4;26,1
48,98900000000042;-0,7;-39,08;-1,0;-54,7;0,4;8,84
49,089000000000425;-0,8;-40,23;-1,1;-26,78;0,4;11,51
49,189000000000426;-0,8;-7,95;-1,1;-11,29;0,2;-43,95
49,28900000000043;-0,8;-12,75;-1,2;-67,7;0,5;64,04
49,38900000000043;-0,8;-13,1;-1,4;-103,55;0,3;-50,91
49,48900000000043;-0,9;-42,55;-1,5;-65,35;0,3;1,52
49,58900000000043;-0,9;-17,62;-1,7;-79,7;0,3;-0,98
49,68900000000043;-0,9;-14,69;-1,8;-40,73;0,3;14,26
49,789000000000435;-0,9;-7,46;-1,7;10,15;0,4;34,81
49,889000000000436;-0,8;22,5;-1,6;15,07;0,5;16,63
49,98900000000044;-0,8;13,3;-1,5;11,34;0,5;21,11
50,08900000000044;-0,7;15,54;-1,4;37,84;0,4;-28,82
50,18900000000044;-0,7;7,7;-1,3;30,05;0,4;13,73
50,28900000000044;-0,7;-3,93;-1,1;60,27;0,5;29,63
50,38900000000044;-0,7;4,05;-1,0;49,05;0,5;5,94
50,489000000000445;-0,7;-7,53;-1,0;-22,35;0,7;49,39
50,589000000000446;-0,6;9,07;-1,0;-15,55;0,5;-54,11
50,68900000000045;-0,6;-17,02;-0,7;140,69;0,3;-27,45
50,78900000000045;-0,6;15,6;-0,5;51,75;0,2;-37,49
50,88900000000045;-0,5;23,95;-0,4;53,62;0,2;-8,15
50,98900000000045;-0,5;14,47;-0,2;54,8;0,1;-22,12
51,08900000000045;-0,5;10,83;-0,1;51,15;0,1;9,94
51,189000000000455;-0,5;-3,56;0,0;58,09;0,0;-22,55
51,289000000000456;-0,4;24,43;0,0;0,89;0,1;8,08
51,38900000000046;-0,4;16,01;0,1;21,7;0,1;8,38
51,48900000000046;-0,4;-3,47;0,1;17,51;0,1;6,31
51,58900000000046;-0,4;-3,65;0,1;2,04;0,2;31,67
51,68900000000046;-0,4;-39,62;0,1;-21,36;0,2;12,63
51,78900000000046;-0,4;-11,36;0,0;-27,11;0,3;9,21
51,889000000000465;-0,5;-19,06;-0,1;-32,86;0,3;7,98
51,989000000000466;-0,5;-26,99;-0,1;-3,07;0,3;8,69
52,08900000000047;-0,6;-25,19;-0,1;-19,07;0,3;5,19
52,18900000000047;-0,6;-15,85;-0,2;-48,32;0,2;-19,07
52,28900000000047;-0,6;-3,85;-0,4;-55,24;0,3;16,6
52,38900000000047;-0,6;10,52;-0,6;-84,63;0,1;-61,14
52,48900000000047;-0,5;16,1;-0,7;-46,72;0,2;25,14
52,589000000000475;-0,5;5,95;-0,7;-39,97;0,1;-19,31
52,689000000000476;-0,5;2,05;-0,8;-30,82;0,1;15,32
52,78900000000048;-0,5;1,32;-0,8;2,17;0,1;0,09
52,88900000000048;-0,5;-4,12;-0,8;-2,02;-0,0;-42,0
52,98900000000048;-0,4;0,92;-0,6;54,71;0,0;13,23
53,08900000000048;-0,4;23,83;-0,5;47,55;0,2;46,56
53,18900000000048;-0,3;12,43;-0,4;22,33;0,3;44,38
53,289000000000485;-0,4;-8,68;-0,3;41,2;0,4;18,35
53,389000000000486;-0,4;-8,85;-0,1;79,65;0,3;-17,25
53,48900000000049;-0,3;7,14;-0,0;25,35;0,4;30,22
53,58900000000049;-0,3;3,61;0,2;78,33;0,1;-88,3
53,68900000000049;-0,3;23,6;0,4;86,88;-0,0;-33,15
53,78900000000049;-0,2;15,79;0,5;56,03;0,1;25,81
53,88900000000049;-0,2;18,41;0,6;46,33;-0,0;-15,09
53,989000000000495;-0,1;30,04;0,6;-8,29;0,0;1,73
54,089000000000496;-0,2;-30,54;0,6;41,5;-0,1;-18,93
54,1890000000005;-0,1;14,07;0,7;20,27;-0,1;-14,09
54,2890000000005;-0,2;-9,97;0,7;25,21;-0,1;14,59
54,3890000000005;-0,2;-29,58;0,9;67,74;0,0;27,83
54,4890000000005;-0,3;-28,67;0,9;23,22;0,0;-7,65
54,5890000000005;-0,3;-26,36;0,9;-5,21;0,1;16,45
54,689000000000505;-0,4;-11,04;0,6;-86,52;0,2;29,57
54,789000000000506;-0,3;2,83;0,4;-95,62;0,2;10,49
54,88900000000051;-0,3;0,05;0,2;-65,43;0,3;24,64
54,98900000000051;-0,3;13,74;0,0;-74,49;0,3;3,22
55,08900000000051;-0,3;7,41;-0,1;-63,68;0,2;-18,83
55,18900000000051;-0,2;28,08;-0,2;-38,48;0,0;-57,19
55,28900000000051;-0,2;11,36;-0,4;-70,07;0,1;22,69
55,389000000000514;-0,1;18,55;-0,5;-66,08;0,1;16,91
55,489000000000516;-0,1;-4,36;-0,5;-1,54;0,2;16,58
55,58900000000052;-0,1;-2,97;-0,5;-12,76;0,3;39,77
55,68900000000052;-0,2;-7,92;-0,5;25,66;0,3;-0,57
55,78900000000052;-0,2;-3,85;-0,3;42,27;0,3;13,1
55,88900000000052;-0,1;9,67;-0,2;58,09;0,3;-10,07
55,98900000000052;-0,1;7,64;-0,1;39,26;0,2;-30,14
56,089000000000524;-0,1;22,66;0,0;58,27;0,2;2,71
56,189000000000526;-0,0;10,21;0,2;61,9;0,1;-18,15
56,28900000000053;0,0;42,78;0,3;32,8;0,0;-23,84
56,38900000000053;0,1;18,76;0,4;74,67;-0,1;-34,19
56,48900000000053;0,1;-3,28;0,5;37,58;-0,0;16,53
56,58900000000053;0,0;-14,12;0,5;15,58;-0,0;7,92
56,68900000000053;0,0;-0,89;0,6;7,56;0,1;26,13
56,789000000000534;0,1;15,33;0,5;-27,38;0,1;12,66
56,889000000000536;-0,0;-34,77;0,4;-24,37;0,2;15,87
56,98900000000054;-0,1;-33,09;0,2;-68,13;0,0;-48,24
57,08900000000054;-0,1;-32,32;0,2;-14,6;-0,0;-1,82
57,18900000000054;-0,2;-38,18;0,1;-28,91;0,2;54,75
57,28900000000054;-0,3;-24,54;0,1;-21,81;0,2;13,44
57,38900000000054;-0,3;-12,48;-0,2;-88,68;0,4;42,21
57,489000000000544;-0,3;2,08;-0,4;-92,12;0,4;12,1
57,589000000000546;-0,3;-10,14;-0,5;-50,93;0,2;-51,38
57,68900000000055;-0,3;-11,36;-0,5;-20,06;0,1;-41,31
57,78900000000055;-0,3;-0,68;-0,5;-3,96;-0,0;-25,79
57,88900000000055;-0,3;16,87;-0,5;7,2;0,1;27,82
57,98900000000055;-0,2;13,79;-0,5;-16,16;0,1;9,44
58,08900000000055;-0,2;21,43;-0,7;-62,04;0,1;10,66
58,189000000000554;-0,2;8,77;-0,6;21,21;0,1;1,5
58,289000000000556;-0,2;-6,92;-0,4;64,18;0,1;2,59
58,38900000000056;-0,2;-0,73;-0,2;79,95;0,1;-0,75
58,48900000000056;-0,1;23,86;-0,1;40,08;0,1;1,18
58,58900000000056;-0,1;-4,87;-0,1;6,25;0,1;-16,93
58,68900000000056;-0,1;7,92;-0,0;26,59;0,1;9,37
58,78900000000056;-0,1;1,26;0,2;76,29;0,1;10,01
58,889000000000564;-0,1;14,68;0,2;22,59;0,1;-5,84
58,989000000000566;-0,0;11,45;0,3;40,29;0,0;-15,0
59,08900000000057;-0,1;-15,48;0,5;72,05;-0,0;-13,72
59,18900000000057;-0,0;7,53;0,7;109,87;-0,1;-34,0
59,28900000000057;-0,0;16,85;0,8;36,13;-0,0;21,55
59,38900000000057;0,0;27,74;0,7;-39,18;0,1;54,97
59,48900000000057;0,0;-10,56;0,8;55,76;0,1;-9,71
59,589000000000574;0,0;-7,69;0,8;-2,94;0,1;-10,71
59,689000000000576;-0,1;-35,13;0,7;-6,94;-0,0;-27,22
59,78900000000058;-0,1;-18,09;0,5;-87,79;0,0;11,75
59,88900000000058;-0,2;-40,7;0,4;-30,9;0,1;12,33
59,98900000000058;-0,3;-69,91;0,6;86,36;-0,1;-36,65
60,08900000000058;-0,4;-31,15;0,6;-8,1;-0,1;-19,36
60,18900000000058;-0,4;-19,1;0,3;-103,15;-0,2;-10,54
60,289000000000584;-0,5;-38,38;0,2;-30,06;-0,3;-35,78
60,389000000000586;-0,5;-15,27;0,1;-46,29;-0,2;13,32
60,48900000000059;-0,5;-14,66;0,1;-22,91;-0,1;43,52
60,58900000000059;-0,5;12,85;-0,1;-48,44;-0,1;-4,44
60,68900000000059;-0,5;12,91;-0,2;-61,94;0,1;47,11
60,78900000000059;-0,5;-8,85;-0,2;-17,86;-0,0;-23,51
60,88900000000059;-0,4;17,58;-0,3;-17,6;-0,0;-2,52
60,989000000000594;-0,4;11,73;-0,2;16,5;0,2;63,14
61,089000000000595;-0,4;-14,15;-0,0;80,97;0,4;59,05
61,1890000000006;-0,4;1,11;-0,1;-29,74;0,4;-3,45
61,2890000000006;-0,5;-30,68;0,0;43,55;0,3;-24,49
61,3890000000006;-0,5;-4,84;0,1;26,87;0,5;51,84
61,4890000000006;-0,4;19,27;0,1;23,53;0,5;9,02
61,5890000000006;-0,4;8,9;0,3;78,34;0,5;4,49
61,689000000000604;-0,3;22,21;0,4;37,11;0,6;44,75
61,789000000000605;-0,3;-2,82;0,6;82,3;0,5;-14,96
61,88900000000061;-0,3;7,86;0,7;43,64;0,6;11,63
61,98900000000061;-0,2;25,38;0,7;-0,57;0,5;-12,3
62,08900000000061;-0,3;-8,86;0,7;25,49;0,4;-19,36
62,18900000000061;-0,3;-3,06;0,7;15,64;0,3;-20,93
62,28900000000061;-0,3;-20,87;0,7;1,52;0,4;38,42
62,389000000000614;-0,3;4,64;0,6;-43,28;0,7;61,87
62,489000000000615;-0,3;-21,66;0,5;-15,85;0,9;69,47
62,58900000000062;-0,4;-33,91;0,6;25,93;0,8;-2,08
62,68900000000062;-0,4;-20,99;0,5;-25,39;0,8;8,84
62,78900000000062;-0,4;-8,89;0,3;-63,5;0,7;-24,6
62,88900000000062;-0,4;-13,13;0,1;-87,52;0,8;24,21
62,98900000000062;-0,5;-23,61;0,1;-22,31;0,7;-9,03
63,089000000000624;-0,5;-10,97;-0,1;-63,58;0,7;-8,67
63,189000000000625;-0,5;8,22;-0,1;-6,95;0,5;-31,73
63,28900000000063;-0,4;21,88;-0,1;14,96;0,5;-4,42
63,38900000000063;-0,4;-7,39;-0,1;-11,88;0,6;27,18
63,48900000000063;-0,4;25,43;-0,1;-14,82;0,6;14,14
63,58900000000063;-0,3;27,18;-0,2;-31,42;0,6;2,08
63,68900000000063;-0,2;21,3;-0,2;2,17;0,6;-1,45
63,789000000000634;-0,2;33,3;-0,2;-9,41;0,5;-4,84
63,889000000000635;-0,1;13,93;-0,3;-21,47;0,6;22,09
63,98900000000064;-0,1;1,76;-0,3;-19,31;0,7;41,14
64,08900000000064;-0,1;-1,97;-0,2;16,57;0,6;-16,05
64,18900000000063;-0,1;-4,27;-0,1;55,03;0,5;-22,73
64,28900000000063;-0,1;13,94;0,0;61,38;0,3;-58,95
64,38900000000062;-0,1;17,71;0,2;81,67;0,3;-0,49
64,48900000000062;-0,0;25,14;0,3;16,19;0,4;33,26
64,58900000000061;-0,0;-3,27;0,4;45,04;0,4;-1,42
64,6890000000006;-0,0;-11,25;0,4;13,02;0,2;-51,19
64,7890000000006;-0,1;-10,22;0,4;22,11;0,0;-36,69
64,88900000000059;-0,1;-8,79;0,3;-43,22;0,1;6,52
64,98900000000059;-0,2;-35,23;0,3;-0,93;0,0;-4,62
65,08900000000058;-0,2;-44,26;0,2;-33,45;0,3;71,02
65,18900000000058;-0,3;-44,21;0,2;-26,05;0,4;34,03
65,28900000000057;-0,4;-47,36;0,1;-9,73;0,3;-22,2
65,38900000000056;-0,5;-46,96;0,2;11,04;0,3;-13,58
65,48900000000056;-0,6;-29,61;0,0;-48,14;0,4;31,67
65,58900000000055;-0,6;-20,59;-0,2;-108,81;0,4;16,83
65,68900000000055;-0,7;-29,52;-0,3;-51,55;0,3;-34,97
65,78900000000054;-0,7;-31,2;-0,4;-42,91;0,4;29,64
65,88900000000054;-0,7;-28,04;-0,6;-61,06;0,4;23,84
65,98900000000053;-0,7;-3,89;-0,7;-65,58;0,3;-20,09
66,08900000000052;-0,8;-26,79;-0,6;38,8;0,3;-7,49
66,18900000000052;-0,7;31,42;-0,7;-29,38;0,2;-18,73
66,28900000000051;-0,6;17,25;-0,8;-64,81;0,2;3,73
66,38900000000051;-0,7;-11,06;-0,8;-21,82;0,6;105,23
66,4890000000005;-0,6;28,66;-0,9;-49,6;0,6;10,93
66,5890000000005;-0,6;4,41;-0,8;56,83;0,7;18,76
66,68900000000049;-0,5;25,81;-0,6;86,2;0,9;80,05
66,78900000000048;-0,5;11,61;-0,3;117,99;1,2;79,2
66,88900000000048;-0,4;29,95;0,1;163,34;1,2;14,62
66,98900000000047;-0,3;32,96;0,3;58,46;0,7;-135,08
67,08900000000047;-0,3;6,98;0,2;-25,02;0,5;-29,96
67,18900000000046;-0,2;22,56;0,2;-17,5;0,7;65,72
67,28900000000046;-0,2;-11,12;0,1;-42,51;0,7;4,85
67,38900000000045;-0,1;64,88;-0,0;-39,35;0,9;67,92
67,48900000000044;0,1;84,68;0,1;56,5;0,9;-14,55
67,58900000000044;0,1;24,86;0,1;-10,38;0,8;3,13
67,68900000000043;0,1;-1,24;0,2;33,93;0,8;7,35
67,78900000000043;0,1;-19,36;0,1;-15,2;0,9;13,83
67,88900000000042;0,2;33,99;0,0;-31,69;1,1;69,78
67,98900000000042;0,2;36,59;0,2;70,13;1,2;38,29
68,08900000000041;0,3;15,89;0,2;-7,58;1,2;12,23
68,1890000000004;0,3;24,58;0,1;-28,08;1,1;-2,79
68,2890000000004;0,3;8,23;0,2;19,66;1,1;4,72
68,3890000000004;0,3;4,61;0,2;18,61;1,1;10,02
68,48900000000039;0,3;4,55;0,2;18,02;1,1;7,18
68,58900000000038;0,3;6,65;0,3;17,26;1,0;0,81
68,68900000000038;0,3;3,67;0,3;14,69;1,1;13,54
68,78900000000037;0,3;1,87;0,3;13,8;1,1;11,98
68,88900000000037;0,3;4,94;0,3;10,97;1,1;9,32
68,98900000000036;0,3;-2,05;0,3;5,84;1,0;2,47
69,08900000000035;0,3;-2,4;0,4;7,7;1,0;7,36
69,18900000000035;0,3;14,27;0,3;-3,11;1,0;0,42
69,28900000000034;0,3;0,36;0,3;-27,04;0,9;-1,26
69,38900000000034;0,3;-1,09;0,3;9,56;0,9;8,09
69,48900000000033;0,3;0,33;0,3;3,65;0,9;3,65
69,58900000000033;0,3;1,28;0,3;6,6;0,9;3,61
69,68900000000032;0,3;0,99;0,3;5,89;0,9;9,42
69,78900000000031;0,3;3,89;0,3;10,42;0,9;4,91
69,88900000000031;0,3;0,88;0,3;6,48;0,9;9,59
69,9890000000003;0,3;1,36;0,3;6,36;0,9;7,81
70,0890000000003;0,3;-3,38;0,3;0,22;0,9;11,38
70,18900000000029;0,3;0,41;0,3;3,69;0,9;0,22
70,28900000000029;0,3;-0,32;0,3;1,95;0,9;7,39
70,38900000000028;0,3;-2,18;0,3;4,49;0,9;6,72
70,48900000000027;0,2;-4,5;0,3;-2,61;0,8;2,25
70,58900000000027;0,2;0,27;0,3;-1,59;0,8;4,72
70,68900000000026;0,2;-2,93;0,3;3,52;0,8;6,28
70,78900000000026;0,2;-2,25;0,3;1,72;0,8;4,5
70,88900000000025;0,2;-6,03;0,3;1,76;0,8;1,38
70,98900000000025;0,2;-5,71;0,3;-0,05;0,8;15,2
71,08900000000024;0,2;-6,25;0,3;-1,83;0,8;14,32
71,18900000000023;0,2;-5,27;0,3;-0,31;0,8;2,92
71,28900000000023;0,1;-3,36;0,3;0,49;0,8;2,03
71,38900000000022;0,1;-7,96;0,3;-0,1;0,8;8,26
71,48900000000022;0,1;-4,11;0,3;0,15;0,8;0,69
71,58900000000021;0,1;-5,24;0,2;-1,45;0,7;0,04
71,6890000000002;0,1;-6,1;0,2;-1,26;0,7;6,05
71,7890000000002;0,1;-2,99;0,2;0,68;0,7;5,37
71,8890000000002;0,1;-5,42;0,2;1,97;0,7;4,94
71,98900000000019;0,0;-5,08;0,2;-4,39;0,7;5,17
72,08900000000018;0,0;-7,5;0,2;-1,02;0,7;1,15
72,18900000000018;0,0;-6,64;0,2;0,5;0,7;4,71
72,28900000000017;0,0;-6,01;0,2;-1,98;0,7;2,91
72,38900000000017;-0,0;-4,22;0,2;-2,96;0,7;5,8
72,48900000000016;-0,0;-1,61;0,2;-2,51;0,6;0,87
72,58900000000015;-0,0;-6,23;0,2;-3,4;0,6;6,91
72,68900000000015;-0,0;-1,49;0,2;2,26;0,6;6,45
72,78900000000014;-0,0;-4,13;0,2;-1,68;0,6;7,35
72,88900000000014;-0,0;-6,26;0,1;-1,45;0,6;6,0
72,98900000000013;-0,1;-7,7;0,1;-1,72;0,7;11,56
73,08900000000013;-0,1;2,24;0,1;-0,81;0,6;0,43
73,18900000000012;-0,1;-2,47;0,1;-0,1;0,6;5,35
73,28900000000012;-0,1;-6,48;0,1;-1,91;0,6;2,44
73,38900000000011;-0,1;-4,91;0,1;2,93;0,6;1,09
73,4890000000001;-0,1;-5,77;0,1;-2,09;0,6;-0,26
73,5890000000001;-0,1;-1,76;0,1;-4,48;0,6;3,09
73,68900000000009;-0,1;-4,38;0,1;-1,41;0,6;5,78
73,78900000000009;-0,1;-6,73;0,1;-2,41;0,6;5,54
73,88900000000008;-0,1;-3,95;0,1;-0,67;0,6;11,77
73,98900000000008;-0,1;-5,28;0,1;-3,28;0,6;1,55
74,08900000000007;-0,1;-3,85;0,1;-0,21;0,6;8,23
74,18900000000006;-0,1;-2,35;0,1;-6,51;0,6;10,24
74,28900000000006;-0,1;-4,17;0,1;-0,66;0,6;3,55
74,38900000000005;-0,2;-7,65;0,0;-2,39;0,6;4,65
74,48900000000005;-0,2;-4,82;0,0;-2,63;0,6;1,98
74,58900000000004;-0,2;-8,96;0,0;-0,74;0,6;0,17
74,68900000000004;-0,2;-9,43;0,0;-6,16;0,5;-0,28
74,78900000000003;-0,2;-4,19;0,0;0,16;0,6;9,73
74,88900000000002;-0,2;-15,97;0,1;31,66;0,6;6,02
74,98900000000002;-0,2;3,14;0,1;-12,99;0,5;-0,5
75,08900000000001;-0,2;-4,17;0,1;-0,38;0,5;1,98
75,18900000000001;-0,2;-3,16;0,1;-1,77;0,5;4,44
75,289;-0,2;-5,71;0,1;1,95;0,5;10,68
75,389;-0,2;-1,18;0,1;-0,41;0,5;2,65
75,48899999999999;-0,2;-3,32;0,1;-1,33;0,5;1,76
75,58899999999998;-0,2;-5,27;0,0;-0,02;0,5;7,36
75,68899999999998;-0,2;-3,42;0,0;-3,45;0,5;7,79
75,78899999999997;-0,2;-2,73;0,0;0,83;0,5;4,66
75,88899999999997;-0,2;-5,34;0,0;-1,47;0,5;6,67
75,98899999999996;-0,3;-7,31;0,0;0,64;0,5;8,67
76,08899999999996;-0,3;-6,76;0,0;3,11;0,5;4,18
76,18899999999995;-0,3;-0,26;0,0;1,0;0,5;6,66
76,28899999999994;-0,3;-6,61;0,0;0,56;0,5;6,44
76,38899999999994;-0,3;-8,95;0,0;-0,28;0,5;4,21
76,48899999999993;-0,3;-5,13;0,1;4,49;0,5;1,97
76,58899999999993;-0,3;-6,22;0,0;-1,67;0,5;4,18
76,68899999999992;-0,3;-4,37;0,0;0,91;0,5;4,88
76,78899999999992;-0,3;-5,34;0,0;-3,64;0,5;8,0
76,88899999999991;-0,3;-8,78;0,0;-1,05;0,6;11,35
76,9889999999999;-0,3;-3,56;0,0;1,59;0,6;8,03
77,0889999999999;-0,3;-6,88;0,0;2,19;0,6;5,34
77,1889999999999;-0,3;-8,63;0,0;-1,97;0,6;6,24
77,28899999999989;-0,3;-5,64;0,0;-2,41;0,6;2,89
77,38899999999988;-0,3;-3,73;0,0;-2,7;0,5;2,89
77,48899999999988;-0,3;-5,08;0,0;2,35;0,5;1,34
77,58899999999987;-0,3;-5,57;0,0;-2,72;0,5;3,32
77,68899999999987;-0,4;-5,05;-0,0;-8,44;0,5;-5,35
77,78899999999986;-0,4;-7,44;-0,0;-0,74;0,5;3,55
77,88899999999985;-0,3;9,38;-0,0;-10,59;0,5;4,72
77,98899999999985;-0,3;2,05;0,0;16,67;0,5;4,09
78,08899999999984;-0,3;-3,65;0,0;-2,01;0,5;2,54
78,18899999999984;-0,3;25,43;-0,1;-55,69;0,4;-10,5
78,28899999999983;-0,3;-24,71;-0,1;22,0;0,5;31,16
78,38899999999983;-0,4;-58,39;0,3;135,34;0,7;58,17
78,48899999999982;-0,4;3,91;-0,2;-205,23;1,2;152,84
78,58899999999981;-0,4;-20,12;-0,0;83,58;0,8;-96,54
78,68899999999981;-0,5;-18,24;-0,0;-1,6;0,5;-95,98
78,7889999999998;-0,5;0,57;-0,0;9,03;0,4;-19,13
78,8889999999998;-0,7;-99,78;-0,0;-4,59;0,5;44,75
78,98899999999979;-0,7;-0,91;-0,0;10,67;0,8;72,19
79,08899999999979;-0,8;-97,08;-0,0;-10,6;0,9;55,18
79,18899999999978;-0,9;-48,92;-0,3;-107,8;0,8;-21,26
79,28899999999977;-0,7;91,93;-0,3;-5,41;1,3;139,63
79,38899999999977;-0,8;-56,71;-0,3;-4,42;1,2;0,71
79,48899999999976;-0,9;-36,96;-0,3;-19,26;1,2;-5,54
79,58899999999976;-0,9;-34,43;-0,5;-90,28;1,1;-16,51
79,68899999999975;-1,0;-43,68;-0,7;-84,18;1,1;6,17
79,78899999999975;-1,0;-3,63;-1,0;-98,06;0,7;-91,93
79,88899999999974;-1,0;-7,89;-0,9;4,2;0,8;33,35
79,98899999999973;-1,1;-43,26;-0,8;56,39;0,7;-5,19
80,08899999999973;-1,0;20,36;-1,3;-230,37;1,1;102,44
80,18899999999972;-1,2;-88,08;-1,5;-82,0;1,5;115,18
80,28899999999972;-1,3;-90,85;-1,5;-41,93;1,0;-105,29
80,38899999999971;-1,3;-8,44;-1,8;-112,4;0,8;-56,43
80,4889999999997;-1,3;-18,67;-1,7;4,34;0,7;-28,07
80,5889999999997;-1,3;-17,59;-1,6;16,59;0,5;-37,44
80,6889999999997;-1,3;-0,55;-1,8;-69,19;0,3;-55,78
80,78899999999969;-1,2;36,63;-2,2;-203,42;0,1;-41,99
80,88899999999968;-1,2;6,71;-2,3;-40,56;-0,2;-94,19
80,98899999999968;-1,1;24,66;-2,2;3,5;-0,4;-56,26
81,08899999999967;-1,1;1,47;-2,1;9,91;-0,6;-65,34
81,18899999999967;-1,0;35,6;-2,1;0,72;-0,8;-62,97
81,28899999999966;-0,9;20,09;-2,0;18,89;-1,0;-49,12
81,38899999999965;-0,8;37,81;-1,8;41,27;-0,8;34,96
81,48899999999965;-0,8;14,74;-1,6;78,81;-0,7;19,05
81,58899999999964;-0,7;18,39;-1,3;108,06;-0,6;33,08
81,68899999999964;-0,5;66,84;-1,2;21,75;-0,5;-0,68
81,78899999999963;-0,5;36,2;-1,1;40,56;-0,7;-57,36
81,88899999999963;-0,4;-2,14;-1,0;32,02;-0,9;-43,52
81,98899999999962;-0,4;3,31;-1,1;-56,86;-0,7;45,14
82,08899999999961;-0,4;6,49;-1,1;-30,36;-0,5;46,94
82,18899999999961;-0,5;-31,69;-1,0;24,23;-0,7;-61,6
82,2889999999996;-0,5;-25,62;-1,1;-29,32;-0,6;5,19
82,3889999999996;-0,5;0,06;-1,1;-16,11;-0,5;43,34
82,48899999999959;-0,5;5,45;-1,1;-4,41;-0,3;45,09
82,58899999999959;-0,5;-26,29;-1,1;-15,46;-0,6;-84,36
82,68899999999958;-0,6;-35,19;-1,2;-39,4;-0,7;-51,35
82,78899999999958;-0,6;-29,1;-1,3;-60,65;-0,9;-54,53
82,88899999999957;-0,7;-18,98;-1,3;-17,87;-0,9;-2,83
82,98899999999956;-0,7;-17,83;-1,2;7,58;-0,7;53,09
83,08899999999956;-0,7;-25,93;-1,2;-1,54;-0,4;54,77
83,18899999999955;-0,8;-25,31;-1,2;5,54;-0,5;-6,64
83,28899999999955;-0,8;-20,92;-1,2;-10,32;-0,6;-58,18
83,38899999999954;-0,8;-15,89;-1,2;-35,75;-0,5;20,69
83,48899999999954;-0,8;5,84;-1,3;-47,6;-0,7;-46,96
83,58899999999953;-0,7;24,75;-1,4;-59,58;-0,7;-17,34
83,68899999999952;-0,6;33,38;-1,5;-29,45;-0,9;-60,35
83,78899999999952;-0,6;23,58;-1,5;-45,2;-1,1;-61,36
83,88899999999951;-0,6;-12,31;-1,6;-40,07;-1,1;-17,08
83,9889999999995;-0,5;16,78;-1,7;-49,89;-1,0;23,01
84,0889999999995;-0,3;80,63;-2,2;-225,19;-0,9;10,58
84,1889999999995;-0,2;41,82;-2,5;-152,86;-0,7;42,82
84,28899999999949;-0,3;-9,26;-2,7;-87,86;-0,7;1,5
84,38899999999948;-0,2;23,34;-2,5;29,05;-0,8;-27,51
84,48899999999948;-0,2;9,69;-2,3;55,35;-0,9;-39,26
84,58899999999947;-0,1;53,37;-2,3;-15,55;-0,8;17,1
84,68899999999947;0,0;36,23;-2,2;22,96;-0,7;15,86
84,78899999999946;0,1;38,45;-2,1;4,74;-0,7;7,82
84,88899999999946;0,2;32,04;-2,1;-2,36;-0,8;-39,99
84,98899999999945;0,2;27,3;-2,0;21,92;-0,7;3,65
85,08899999999944;0,2;10,57;-1,9;8,7;-0,6;46,45
85,18899999999944;0,2;8,04;-1,9;-20,78;-0,0;142,78
85,28899999999943;0,3;10,63;-1,8;47,05;0,0;9,77
85,38899999999943;0,2;-28,7;-1,6;30,11;-0,4;-104,32
85,48899999999942;0,2;-18,28;-1,6;9,73;-0,5;-43,22
85,58899999999942;0,1;-9,98;-1,7;-57,11;-0,1;111,52
85,68899999999941;0,1;-11,18;-1,6;20,12;-0,5;-129,3
85,7889999999994;0,1;-5,43;-1,8;-82,91;-0,6;-10,77
85,8889999999994;-0,0;-60,95;-1,8;-19,74;-0,4;50,97
85,9889999999994;-0,1;-42,76;-1,8;-29,29;-0,1;57,82
86,08899999999939;-0,2;-20,56;-1,7;2,17;0,1;58,29
86,18899999999938;-0,2;-6,25;-1,9;-84,58;0,0;-10,37
86,28899999999938;-0,2;-17,93;-2,1;-95,32;0,2;54,79
86,38899999999937;-0,2;-8,55;-2,2;-56,2;0,1;-42,72
86,48899999999936;-0,3;-38,52;-2,1;-6,91;-0,0;-21,62
86,58899999999936;-0,2;27,37;-2,2;-64,97;0,0;10,62
86,68899999999935;-0,2;14,44;-2,4;-94,93;-0,3;-82,82
86,78899999999935;-0,2;-9,95;-2,3;27,01;-0,3;-8,24
86,88899999999934;-0,3;-14,76;-2,1;73,43;-0,5;-59,71
86,98899999999934;-0,2;27,13;-1,9;37,83;-0,4;19,73
87,08899999999933;-0,2;2,38;-1,8;47,72;-0,2;50,62
87,18899999999933;-0,2;-28,14;-1,6;34,07;-0,3;-18,47
87,28899999999932;-0,3;-17,58;-1,6;16,75;-0,2;27,5
87,38899999999931;-0,2;46,36;-1,6;-51,85;-0,3;-29,01
87,48899999999931;-0,0;55,93;-1,7;-44,43;-0,4;-37,1
87,5889999999993;0,1;57,24;-1,7;1,16;-0,4;-2,5
87,6889999999993;0,2;46,24;-1,5;52,6;-0,4;0,07
87,78899999999929;0,2;15,89;-1,2;91,27;-0,3;22,88
87,88899999999929;0,3;51,31;-1,2;-2,7;-0,2;4,94
87,98899999999928;0,4;38,0;-1,1;25,86;-0,4;-53,98
88,08899999999927;0,4;17,11;-1,1;-0,65;-0,3;39,84
88,18899999999927;0,5;34,13;-1,1;3,12;-0,3;-22,46
88,28899999999926;0,4;-12,6;-0,9;45,65;-0,3;19,09
88,38899999999926;0,4;-32,83;-0,9;1,79;-0,4;-41,03
88,48899999999925;0,3;-15,17;-1,0;-35,3;-0,3;15,73
88,58899999999925;0,3;-8,01;-0,9;13,65;-0,2;32,74
88,68899999999924;0,3;-18,18;-0,9;-2,4;-0,1;19,74
88,78899999999923;0,2;-37,05;-0,9;-11,48;-0,2;-16,43
88,88899999999923;0,1;-18,47;-1,0;-53,38;0,0;50,8
88,98899999999922;0,0;-37,66;-1,0;-7,58;0,0;8,08
89,08899999999922;-0,0;-30,61;-1,0;-6,09;0,2;33,77
89,18899999999921;-0,2;-63,42;-1,0;-15,38;0,2;12,83
89,2889999999992;-0,2;-24,95;-1,0;-3,2;0,3;17,71
89,3889999999992;-0,2;-3,08;-1,1;-70,54;0,1;-33,62
89,4889999999992;-0,2;-7,13;-1,2;-55,82;-0,1;-53,94
89,58899999999919;-0,2;9,47;-1,2;18,48;0,0;25,57
89,68899999999918;-0,1;21,28;-1,1;2,86;-0,0;-7,37
89,78899999999918;-0,1;31,56;-1,2;-42,1;-0,1;-20,94
89,88899999999917;-0,0;14,82;-1,1;14,6;0,2;64,38
89,98899999999917;-0,0;7,46;-1,0;43,13;0,3;48,64
90,08899999999916;0,1;48,38;-1,1;-35,09;0,2;-37,89
90,18899999999915;0,0;-26,09;-0,9;42,92;0,2;15,39
90,28899999999915;0,0;4,21;-0,9;3,54;0,1;-24,1
90,38899999999914;0,2;60,08;-0,9;-16,85;0,0;-31,49
90,48899999999914;0,2;40,14;-0,8;50,22;-0,1;-42,76
90,58899999999913;0,3;33,09;-0,6;86,46;-0,3;-44,84
90,68899999999913;0,4;60,71;-0,4;43,21;-0,3;1,55
90,78899999999912;0,5;43,33;-0,3;46,6;-0,3;-8,02
90,88899999999911;0,6;32,53;-0,3;5,21;-0,3;-10,33
90,98899999999911;0,6;-1,34;-0,3;-12,45;-0,1;52,28
91,0889999999991;0,5;-16,94;-0,3;18,39;-0,2;-17,79
91,1889999999991;0,5;19,44;-0,1;49,02;0,1;82,46
91,28899999999909;0,4;-56,39;-0,1;33,98;0,1;-14,17
91,38899999999909;0,4;18,43;-0,1;-36,56;-0,1;-47,79
91,48899999999908;0,4;7,83;-0,3;-75,84;-0,2;-25,44
91,58899999999907;0,3;-43,62;-0,4;-20,91;-0,2;-7,5
91,68899999999907;0,3;-28,28;-0,5;-40,53;-0,1;27,94
91,78899999999906;0,1;-58,7;-0,5;-24,64;-0,2;-36,22
91,88899999999906;0,1;-18,76;-0,5;-24,42;-0,0;56,75
91,98899999999905;0,1;-15,39;-0,6;-16,62;0,2;71,03
92,08899999999905;-0,0;-38,55;-0,7;-45,62;0,0;-61,36
92,18899999999904;-0,1;-46,53;-0,7;-30,2;-0,1;-42,3
92,28899999999904;-0,1;-13,51;-0,7;16,7;-0,0;29,37
92,38899999999903;-0,1;7,0;-0,8;-77,76;-0,0;4,75
92,48899999999902;-0,1;13,97;-1,1;-99,5;-0,3;-78,53
92,58899999999902;-0,0;26,11;-1,2;-69,98;-0,2;15,46
92,68899999999901;-0,1;-30,55;-1,2;-5,1;-0,4;-45,39
92,788999999999;-0,1;22,04;-1,4;-107,27;-0,4;-21,05
92,888999999999;-0,1;-0,81;-1,6;-95,68;-0,5;-26,6
92,988999999999;-0,0;11,34;-1,8;-101,76;-0,6;-33,56
93,08899999999899;0,1;48,7;-2,1;-122,92;-0,9;-90,22
93,18899999999898;0,1;7,7;-2,0;-2,56;-1,2;-90,46
93,28899999999898;0,1;3,29;-2,0;12,92;-1,5;-83,82
93,38899999999897;0,1;24,61;-2,0;-30,26;-1,6;-48,13
93,48899999999897;0,2;31,94;-2,0;-7,58;-1,6;-21,27
93,58899999999896;0,3;32,05;-1,8;43,05;-1,6;-28,27
93,68899999999896;0,4;61,73;-1,7;25,3;-1,6;4,68
93,78899999999895;0,4;3,68;-1,4;90,03;-1,6;-34,45
93,88899999999894;0,4;-1,65;-1,3;50,87;-1,5;18,85
93,98899999999894;0,3;-24,06;-1,1;41,33;-1,4;17,74
94,08899999999893;0,2;-62,39;-1,1;27,28;-1,4;-12,4
94,18899999999893;0,1;-45,95;-1,1;-15,71;-1,4;-27,7
94,28899999999892;0,1;-4,49;-1,1;-24,38;-1,3;11,72
94,38899999999892;-0,0;-54,17;-1,2;-32,49;-1,3;-14,73
94,48899999999891;-0,1;-35,97;-1,2;-29,62;-1,4;-25,45
94,5889999999989;-0,1;-8,96;-1,4;-106,44;-1,4;-11,63
94,6889999999989;-0,2;-20,49;-1,6;-92,32;-1,1;53,05
94,7889999999989;-0,3;-37,55;-1,6;5,19;-1,3;-63,7
94,88899999999889;-0,3;-31,39;-1,5;-2,73;-1,3;-4,76
94,98899999999888;-0,3;-14,42;-1,5;-1,09;-1,1;41,31
95,08899999999888;-0,4;-27,4;-1,4;14,1;-1,0;11,92
95,18899999999887;-0,4;-2,57;-1,5;-42,42;-0,9;31,42
95,28899999999886;-0,4;-30,94;-1,5;-27,12;-0,8;15,44
95,38899999999886;-0,5;-50,83;-1,6;-51,79;-0,8;-7,07
95,48899999999885;-0,5;4,88;-1,9;-115,82;-0,9;-29,76
95,58899999999885;-0,5;14,82;-2,1;-102,52;-0,8;23,01
95,68899999999884;-0,3;79,45;-2,4;-142,74;-0,8;-29,87
95,78899999999884;-0,2;41,03;-2,4;-30,46;-0,7;31,04
95,88899999999883;-0,2;10,27;-2,4;-25,91;-0,7;4,22
95,98899999999882;-0,1;16,11;-2,5;-61,08;-0,7;-8,3
96,08899999999882;-0,1;39,68;-2,6;-64,32;-0,8;-44,54
96,18899999999881;0,0;32,41;-2,8;-115,8;-1,0;-58,09
96,28899999999881;0,0;3,6;-3,0;-132,73;-1,3;-115,05
96,3889999999988;0,0;2,71;-3,0;-14,68;-1,4;-29,29
96,4889999999988;0,0;4,83;-2,9;9,82;-1,3;6,44
96,58899999999879;0,1;25,06;-2,8;24,4;-1,4;-24,15
96,68899999999879;0,1;17,5;-2,7;15,41;-1,2;20,83
96,78899999999878;0,2;20,03;-2,6;9,02;-1,1;27,8
96,88899999999877;0,2;39,21;-2,4;46,22;-1,2;-28,92
96,98899999999877;0,5;131,29;-2,5;-50,58;-1,3;-43,64
97,08899999999876;0,6;60,83;-2,3;24,9;-1,1;34,53
97,18899999999876;0,6;-10,7;-2,1;96,42;-1,0;26,84
97,28899999999875;0,5;-40,3;-1,9;25,24;-1,0;-18,12
97,38899999999875;0,5;-11,62;-2,0;-33,35;-1,1;-26,33
97,48899999999874;0,4;-50,34;-2,0;-42,97;-1,0;-5,06
97,58899999999873;0,3;-19,04;-2,1;-38,94;-1,1;-20,02
97,68899999999873;0,2;-39,24;-2,1;-18,98;-1,0;19,29
97,78899999999872;0,1;-46,21;-2,1;-12,76;-0,8;39,58
97,88899999999872;0,0;-38,02;-2,2;-71,12;-0,7;32,02
97,98899999999871;-0,0;-33,79;-2,4;-100,43;-0,8;-58,03
98,0889999999987;-0,1;-6,25;-2,7;-146,12;-0,8;-10,36
98,1889999999987;-0,1;-29,93;-2,8;-65,08;-1,0;-44,56
98,2889999999987;-0,1;27,4;-3,1;-155,66;-1,1;-43,73
98,38899999999869;-0,0;8,82;-3,2;-97,79;-1,2;-29,99
98,48899999999868;-0,0;-0,56;-3,3;-54,96;-0,9;49,87
98,58899999999868;-0,1;-10,06;-3,2;-1,37;-0,9;10,72
98,68899999999867;-0,1;-11,04;-3,1;-0,72;-0,7;42,75
98,78899999999867;-0,1;-11,04;-3,1;-14,4;-0,5;47,27
98,88899999999866;-0,1;-8,17;-3,1;-43,22;-0,6;-19,26
98,98899999999865;-0,1;-3,01;-3,1;-27,54;-0,5;-1,41
99,08899999999865;-0,2;-14,4;-3,1;-19,54;-0,5;-6,85
99,18899999999864;-0,2;-19,02;-3,0;-1,99;-0,5;0,9
99,28899999999864;-0,2;-12,34;-2,9;-2,1;-0,5;7,1
99,38899999999863;-0,2;-15,37;-2,9;-1,84;-0,4;21,4
99,48899999999863;-0,3;-14,81;-2,9;-19,4;-0,4;-16,65
99,58899999999862;-0,3;-5,26;-2,8;-18,03;-0,5;-17,34
99,68899999999861;-0,3;-12,31;-2,8;-15,66;-0,5;1,16
99,78899999999861;-0,3;-13,45;-2,8;-24,96;-0,5;-22,36
99,8889999999986;-0,3;1,05;-2,7;1,02;-0,4;14,46
